{
  "average_results": {
    "model1": {
      "rouge1": 0.0,
      "rouge2": 0.0,
      "rougeL": 0.0,
      "sari": 9.237249937444737
    },
    "model2": {
      "rouge1": 0.0,
      "rouge2": 0.0,
      "rougeL": 0.0,
      "sari": 9.237249937444737
    }
  },
  "detailed_results": {
    "model1": {
      "rouge1": [
        0.0,
        0.0,
        0.0,
        0.0,
        0.0,
        0.0,
        0.0,
        0.0,
        0.0,
        0.0,
        0.0,
        0.0,
        0.0,
        0.0,
        0.0,
        0.0,
        0.0,
        0.0,
        0.0,
        0.0,
        0.0,
        0.0,
        0.0,
        0.0,
        0.0,
        0.0,
        0.0,
        0.0,
        0.0,
        0.0,
        0.0,
        0.0,
        0.0,
        0.0,
        0.0,
        0.0,
        0.0,
        0.0,
        0.0,
        0.0,
        0.0,
        0.0,
        0.0,
        0.0,
        0.0,
        0.0,
        0.0,
        0.0,
        0.0,
        0.0,
        0.0,
        0.0,
        0.0,
        0.0,
        0.0,
        0.0,
        0.0,
        0.0,
        0.0,
        0.0,
        0.0,
        0.0,
        0.0,
        0.0,
        0.0,
        0.0,
        0.0,
        0.0,
        0.0,
        0.0,
        0.0,
        0.0,
        0.0,
        0.0,
        0.0,
        0.0,
        0.0,
        0.0,
        0.0,
        0.0,
        0.0,
        0.0,
        0.0,
        0.0,
        0.0,
        0.0,
        0.0,
        0.0,
        0.0,
        0.0,
        0.0,
        0.0,
        0.0,
        0.0,
        0.0,
        0.0,
        0.0,
        0.0,
        0.0,
        0.0
      ],
      "rouge2": [
        0.0,
        0.0,
        0.0,
        0.0,
        0.0,
        0.0,
        0.0,
        0.0,
        0.0,
        0.0,
        0.0,
        0.0,
        0.0,
        0.0,
        0.0,
        0.0,
        0.0,
        0.0,
        0.0,
        0.0,
        0.0,
        0.0,
        0.0,
        0.0,
        0.0,
        0.0,
        0.0,
        0.0,
        0.0,
        0.0,
        0.0,
        0.0,
        0.0,
        0.0,
        0.0,
        0.0,
        0.0,
        0.0,
        0.0,
        0.0,
        0.0,
        0.0,
        0.0,
        0.0,
        0.0,
        0.0,
        0.0,
        0.0,
        0.0,
        0.0,
        0.0,
        0.0,
        0.0,
        0.0,
        0.0,
        0.0,
        0.0,
        0.0,
        0.0,
        0.0,
        0.0,
        0.0,
        0.0,
        0.0,
        0.0,
        0.0,
        0.0,
        0.0,
        0.0,
        0.0,
        0.0,
        0.0,
        0.0,
        0.0,
        0.0,
        0.0,
        0.0,
        0.0,
        0.0,
        0.0,
        0.0,
        0.0,
        0.0,
        0.0,
        0.0,
        0.0,
        0.0,
        0.0,
        0.0,
        0.0,
        0.0,
        0.0,
        0.0,
        0.0,
        0.0,
        0.0,
        0.0,
        0.0,
        0.0,
        0.0
      ],
      "rougeL": [
        0,
        0,
        0,
        0,
        0,
        0,
        0,
        0,
        0,
        0,
        0,
        0,
        0,
        0,
        0,
        0,
        0,
        0,
        0,
        0,
        0,
        0,
        0,
        0,
        0,
        0,
        0,
        0,
        0,
        0,
        0,
        0,
        0,
        0,
        0,
        0,
        0,
        0,
        0,
        0,
        0,
        0,
        0,
        0,
        0,
        0,
        0,
        0,
        0,
        0,
        0,
        0,
        0,
        0,
        0,
        0,
        0,
        0,
        0,
        0,
        0,
        0,
        0,
        0,
        0,
        0,
        0,
        0,
        0,
        0,
        0,
        0,
        0,
        0,
        0,
        0,
        0,
        0,
        0,
        0,
        0,
        0,
        0,
        0,
        0,
        0,
        0,
        0,
        0,
        0,
        0,
        0,
        0,
        0,
        0,
        0,
        0,
        0,
        0,
        0
      ],
      "sari": [
        10.089234952416264,
        4.826865241214518,
        8.476430976430976,
        10.562354312354312,
        8.933150183150182,
        8.413299663299663,
        16.5535853035853,
        15.774087024087024,
        5.927318295739347,
        11.140873015873016,
        7.752525252525253,
        5.381944444444445,
        21.008470695970697,
        5.531039043970078,
        3.984279609279609,
        10.607066544566546,
        3.1705079692695795,
        10.984848484848484,
        7.692012288786483,
        4.748774509803921,
        4.738562091503268,
        5.741421568627451,
        4.456654456654457,
        7.036713286713287,
        8.796869625042998,
        2.6726896292113684,
        10.572089947089946,
        3.9517195767195763,
        7.8279030910609855,
        14.94152046783626,
        8.974358974358976,
        19.594988344988344,
        12.128074220465525,
        2.704980842911877,
        14.255952380952383,
        4.21470342522974,
        7.728174603174604,
        8.813316993464053,
        4.765795206971677,
        12.150673400673401,
        5.265151515151515,
        25.0,
        3.8320883909119203,
        19.462658882199115,
        8.163126361655774,
        20.563973063973062,
        4.672521786492375,
        5.811539306104524,
        2.4188034188034186,
        4.21470342522974,
        3.0706521739130435,
        6.345144824311491,
        11.863830613830613,
        5.2991701066391474,
        4.417641325536062,
        6.609574000878348,
        17.439675065932807,
        4.94281045751634,
        26.877445316142634,
        9.381613756613756,
        9.368686868686869,
        5.579481792717086,
        3.3922333704942402,
        4.236633249791144,
        5.67857142857143,
        12.665112665112666,
        5.64484126984127,
        9.93722050223598,
        6.999981013138908,
        4.011544011544011,
        9.10894660894661,
        13.115468409586056,
        33.73015873015873,
        7.635975135975135,
        13.476430976430976,
        9.368686868686869,
        3.069885361552028,
        4.224664224664224,
        19.65811965811966,
        11.655898114231448,
        4.643532851737186,
        9.920634920634921,
        11.41941391941392,
        12.195539135194307,
        5.64484126984127,
        9.012515262515262,
        10.377426794755213,
        16.95662768031189,
        11.97420634920635,
        5.985341350616493,
        10.562354312354312,
        10.780423280423278,
        14.298941798941797,
        2.96714007240323,
        7.036713286713287,
        8.167989417989418,
        6.4865689865689875,
        1.446421431427429,
        5.360352474323062,
        22.651515151515152
      ]
    },